{
    "records": [
        {
            "id": 209484,
            "deviceId": 1,
            "time": 0.7860461920499802,
            "name": "a",
            "valid": true,
            "data": [
                0,
                0,
                128,
                63
            ]
        },
        {
            "id": 209485,
            "deviceId": 1,
            "time": 1.058701992034912,
            "name": "a",
            "valid": true,
            "data": [
                0,
                0,
                0,
                0
            ]
        },
        {
            "id": 209487,
            "deviceId": 1,
            "time": 1.2288664914667607,
            "name": "w",
            "valid": true,
            "data": [
                0,
                0,
                128,
                63
            ]
        },
        {
            "id": 209488,
            "deviceId": 1,
            "time": 1.518375188112259,
            "name": "w",
            "valid": true,
            "data": [
                0,
                0,
                0,
                0
            ]
        }
    ]
}